{
    "avg_prec": 0.6040544652105823,
    "roc_auc": 0.9608017142900953
}