{"loss": 2.048856019973755, "accuracy": 0.3484833240509033, "val_loss": 1.9979369640350342, "val_accuracy": 0.4277999997138977}